Years,Sales,Profit,A&D,Amort,ETR,InterestP&L,Op cash pre res,Restruct,InterestCash,TaxCash,Dividends,Acqs&disps,New equity,Other,RCF,Contingency,Leases,Otherdebt,LeaseInterest
2022,3841,455,-525.5901887,-350.3584198,16%,-2,401.0145596,-34.99590878,-15,-109,-157,121,-373,-41,986.7330017,0,484,20,-20.98
2023,3742,568,-468.8573976,-312.5403412,24%,-34,540,-57.6,-32,-98.81509121,-167.232,-207,-214,0,829.1873964,-72,484.1266933,20,-18.45575111
2024,3904,627,-466.0465466,-310.666628,24%,-28,627,0,-26,-103.8150912,-179.272704,-69.32006633,-154,0,829.1873964,-53,484.1266933,20,-16.8025462
2025,4201,760,-464.0023141,-309.3039426,24%,-19,760,0,-16,-103.8150912,-192.1803387,-24.79270315,-34,0,829.1873964,-114,484.1266933,20,-15.93803579
2026,4527,826,-468.3068286,-312.1733319,26%,-9,826,0,-7,-106.8150912,-206.0173231,-27.45439469,-34,0,704.8092869,-211,484.1266933,20,-14.84581642
